run_id,code_commit,method,config_path,seed,parent_checkpoints,steps,batch_size,context,processed_targets_including_ancestry,parameters,hardware,threads,train_precision,train_seconds,validation_seconds,test_seconds,peak_ram_gb,peak_gpu_allocated_gb,validation_bpb,test_bpb,checkpoint_sha256,selected_on,notes
baseline,6cce142a31d396f017319543f50d70f30fa6da740729af01c8baed13c6f671f,baseline,configs/baseline.json,17,,1200,32,256,9830400,1088256,CPU,4,fp32,293.355598,5.203863,,,0,2.0710874334,,5bb600b4dc65e8a8fa0eaa6841955b99754bbb61b060fb626d0855940d26206,validation,implementation SHA stored in code_commit
rmsnorm-s17,student-working-tree,rmsnorm,configs/student_swiglu_rms.json,17,,1200,32,256,9830400,1088640,CPU,4,fp32,,,,,0,2.023829741,,,validation,early RMSNorm comparison
swiglu-s17,a6138180060f48b8c2ef8dc88683c12a1e19ba5708e2b71c637c4d607d56c8a1,SwiGLU,configs/student_swiglu.json,17,,2400,16,256,9830400,1089792,CPU,4,fp32,311.147187,5.024963,,,0,2.022155177,,,validation,small-batch equal-target run
swiglu-b16-ema-s17,student-working-tree,SwiGLU+EMA,configs/student_swiglu.json,17,,2400,16,256,9830400,1089792,CPU,4,fp32,,,,,0,1.931999300,,,validation,EMA checkpoint comparison
swiglu-dropout05-s17,student-working-tree,SwiGLU+dropout0.05,configs/student_swiglu_dropout.json,17,,2400,16,256,9830400,1089792,CPU,4,fp32,,,,,0,2.027818455,,,validation,dropout ablation
swiglu-rms-s17,student-working-tree,SwiGLU+RMSNorm,configs/student_swiglu_rms.json,17,,2400,16,256,9830400,1088640,CPU,4,fp32,,,,,0,2.023829740,,,validation,RMSNorm ablation
swiglu-rope-b16-s17,a6138180060f48b8c2ef8dc88683c12a1e19ba5708e2b71c637c4d607d56c8a1,SwiGLU+RoPE,configs/student_swiglu_rope.json,17,,2400,16,256,9830400,1057024,CPU,4,fp32,311.147187,5.024963,,,0,1.783731964,,4e6ed24ad04797ecdc579ccecdf9d706398e1b2e4208bc49a9bf2420255a43dc,validation,depth-4 RoPE run
rope-depth6,a6138180060f48b8c2ef8dc88683c12a1e19ba5708e2b71c637c4d607d56c8a1,SwiGLU+RoPE+depth6,configs/student_swiglu_rope_depth6.json,17,,2400,16,256,9830400,1454336,CPU,4,fp32,434.892142,6.783049,,,0,1.761054326,,96f3a57b3f43fa3dcf12adc1e808085d97839c3e3bf7e4b17ecd6a08aa69a268,validation,depth sweep endpoint
rope-theta1000,a6138180060f48b8c2ef8dc88683c12a1e19ba5708e2b71c637c4d607d56c8a1,SwiGLU+RoPE theta1000,configs/student_swiglu_rope_depth6_theta1000.json,17,,2400,16,256,9830400,1454336,CPU,4,fp32,465.136208,6.764621,,,0,1.760540078,,c6c0facf97243c446592ec9e640d9e2ffb26b21e89dc5cf488d46ddbeb1b760c,validation,historical run; not part of future ablation
rope-theta1000-qknorm,a6138180060f48b8c2ef8dc88683c12a1e19ba5708e2b71c637c4d607d56c8a1,SwiGLU+RoPE+QK-Norm,configs/student_swiglu_rope_depth6_theta1000_qknorm.json,17,,2400,16,256,9830400,1455104,CPU,4,fp32,459.750062,6.707819,,,0,1.751049864,,27e4ac0cb2f3f88b284ee968c4b5bbb88486236ad56d070e44cb8d86aa2a8e63,validation,QK-Norm ablation
width160,a6138180060f48b8c2ef8dc88683c12a1e19ba5708e2b71c637c4d607d56c8a1,SwiGLU+RoPE+QK-Norm width160,configs/student_swiglu_rope_width160_qknorm.json,17,,2400,16,256,9830400,2195008,CPU,4,fp32,613.007170,8.472436,,,0,1.712182783,,e59a15d64e47d2242f66439a9c3789a64f10ea232fd17051081c046666b61a40,validation,capacity sweep
width192,a6138180060f48b8c2ef8dc88683c12a1e19ba5708e2b71c637c4d607d56c8a1,SwiGLU+RoPE+QK-Norm width192,configs/student_swiglu_rope_width192_qknorm.json,17,,2400,16,256,9830400,3057792,CPU,4,fp32,721.488119,9.794318,,,0,1.688755912,,4534307a7ac8b1c52c59ec37ed71ddb79afaabe16cb5c081801a0955d2207f2b,validation,capacity sweep; head_dim32
width224,a6138180060f48b8c2ef8dc88683c12a1e19ba5708e2b71c637c4d607d56c8a1,SwiGLU+RoPE+QK-Norm width224,configs/student_swiglu_rope_width224_qknorm.json,17,,2400,16,256,9830400,4094144,CPU,4,fp32,897.184299,11.863417,,1.615,0,1.677960811,,4b62220a1d7baee19b3f5ba5728ab337f6c5b00ffa97323f642ec769c8b3e016,validation,capacity endpoint; measured RSS 1.615 GiB
width192-head16,a6138180060f48b8c2ef8dc88683c12a1e19ba5708e2b71c637c4d607d56c8a1,SwiGLU+RoPE+QK-Norm head_dim16,configs/student_swiglu_rope_width192_head16_qknorm.json,17,,2400,16,256,9830400,3057408,CPU,4,fp32,798.547680,13.300109,,,0,1.696753079,,68372fb42014444b1d70c306f88a74783ff34b57cb4cf88ea9f43626f3e58f9b,validation,head_dim sweep
width192-head48,a6138180060f48b8c2ef8dc88683c12a1e19ba5708e2b71c637c4d607d56c8a1,SwiGLU+RoPE+QK-Norm head_dim48,configs/student_swiglu_rope_width192_head48_qknorm.json,17,,2400,16,256,9830400,3058176,CPU,4,fp32,958.608831,27.968356,,,0,1.689923381,,633fbbcf9f3684ff08fee1e2dd172479be9545321209d2e8050960ea591155c9,validation,head_dim sweep
width192-head64,a6138180060f48b8c2ef8dc88683c12a1e19ba5708e2b71c637c4d607d56c8a1,SwiGLU+RoPE+QK-Norm head_dim64,configs/student_swiglu_rope_width192_head64_qknorm.json,17,,2400,16,256,9830400,3058560,CPU,4,fp32,653.049933,8.056068,,,0,1.688606308,,a015b0c9a6f5aa5eea16b6385aaa949f2f0906e60be0b28fba94ed7a321b2391,validation,head_dim sweep
width192-head64-long,a6138180060f48b8c2ef8dc88683c12a1e19ba5708e2b71c637c4d607d56c8a1,SwiGLU+RoPE+QK-Norm head_dim64 long,configs/student_swiglu_rope_width192_head64_qknorm.json,17,,7200,16,256,29491200,3058560,CPU,4,fp32,2574.433709,9.103000,,,0,1.625597416,,0c359f91d0d9a81b4e2cc801163894b23bd6e2d8ceb0ffc4d701f4e3a351393c,validation,7200-step curve; selected step6000 checkpoint BPB 1.626928925
width192-head32-theta10000,a6138180060f48b8c2ef8dc88683c12a1e19ba5708e2b71c637c4d607d56c8a1,SwiGLU+RoPE theta10000+QK-Norm head_dim32,configs/student_swiglu_rope_width192_head32_theta10000_qknorm.json,17,,4800,16,256,19660800,3057792,CPU,4,fp32,1519.761654,12.174801,10.695425,1.958,0,1.625320683,1.654628852,a5b51f005b72f86f174248c4a58505f06b7275bffbfa1c2ec19f4bceb4a02009,validation,latest test result; measured RSS 1.958 GiB; EMA disabled
width192-head32-theta10000-b32,a6138180060f48b8c2ef8dc88683c12a1e19ba5708e2b71c637c4d607d56c8a1,SwiGLU+RoPE theta10000+QK-Norm head_dim32 batch32,configs/student_swiglu_rope_width192_head32_theta10000_qknorm.json,17,,4800,32,256,39321600,3057792,CPU,4,fp32,2275.804231,8.187509,,,0,1.656963235,,56a0739b0e9b42ce7713833bd9ad2601924f0a13aad4cc8b4ede0292b5a470d9,validation,batch_size uses trainer default 32; best validation at step3600 BPB 1.650358660; EMA disabled
dropout-p000-b32-s2400,a6138180060f48b8c2ef8dc88683c12a1e19ba5708e2b71c637c4d607d56c8a1,SwiGLU+RoPE+QK-Norm dropout0.00,configs/student_swiglu_rope_width192_head32_theta10000_qknorm.json,17,,2400,32,256,19660800,3057792,CPU,4,fp32,1148.103492,8.698838,,,0,1.654467026,,346d398a24c84d3c0b5efbcd4cab3eaaf4e353220525bad43ebab6db02bf210f,validation,2400-step dropout ablation control; EMA disabled
dropout-p005-b32-s2400,a6138180060f48b8c2ef8dc88683c12a1e19ba5708e2b71c637c4d607d56c8a1,SwiGLU+RoPE+QK-Norm dropout0.05,configs/student_swiglu_rope_width192_head32_theta10000_qknorm_dropout005.json,17,,2400,32,256,19660800,3057792,CPU,4,fp32,1341.221381,8.110899,,,0,1.648346767,,3a4e37821b42cb7aa8d0fc241a9d1821003dbd66c2cdf7f9b35b0b9d6b1e0fe2,validation,2400-step dropout ablation; best of tested values; EMA disabled
dropout-p010-b32-s2400,a6138180060f48b8c2ef8dc88683c12a1e19ba5708e2b71c637c4d607d56c8a1,SwiGLU+RoPE+QK-Norm dropout0.10,configs/student_swiglu_rope_width192_head32_theta10000_qknorm_dropout010.json,17,,2400,32,256,19660800,3057792,CPU,4,fp32,1336.019204,8.179080,,,0,1.652148008,,3ebceb8d6d66a1f443003968862a13ad533b6761711b6fcf9c0b92202dda25c8,validation,2400-step dropout ablation; stronger regularization slightly worse than 0.05; EMA disabled
adamw-beta2-0999-b32-s2400,f64ca4ed59289fdc7090bb9d86ae994f31ab06f5aaa31a7445a3c193e0124a9d,SwiGLU+RoPE+QK-Norm AdamW beta1=0.9 beta2=0.999,configs/student_swiglu_rope_width192_head32_theta10000_qknorm.json,17,,2400,32,256,19660800,3057792,CPU,4,fp32,1154.627243,8.176354,,,0,1.693619039,,c886cdeb7c91fdfb7089faa66805ef63602d2126fdba06e5f9af57810d21eebb,validation,Fixed LR 0.001; no warmup/schedule/EMA/dropout; validation BPB at 600/1200/1800/2400: 1.887339781/1.754472942/1.708112242/1.693619039
adamw-beta2-098-b32-s2400,f64ca4ed59289fdc7090bb9d86ae994f31ab06f5aaa31a7445a3c193e0124a9d,SwiGLU+RoPE+QK-Norm AdamW beta1=0.9 beta2=0.98,configs/student_swiglu_rope_width192_head32_theta10000_qknorm.json,17,,2400,32,256,19660800,3057792,CPU,4,fp32,1129.743756,8.222164,,,0,1.697949789,,ee3f4c0eb27a2e6b22a488b33eef80b8aec17aef1619cc41c343dfb5f50560a5,validation,Fixed LR 0.001; no warmup/schedule/EMA/dropout; validation BPB at 600/1200/1800/2400: 1.890897266/1.757499913/1.713581078/1.697949789
adamw-beta2-095-b32-s2400,f64ca4ed59289fdc7090bb9d86ae994f31ab06f5aaa31a7445a3c193e0124a9d,SwiGLU+RoPE+QK-Norm AdamW beta1=0.9 beta2=0.95,configs/student_swiglu_rope_width192_head32_theta10000_qknorm.json,17,,2400,32,256,19660800,3057792,CPU,4,fp32,1117.667167,8.043326,,,0,1.699237294,,ce49f01f508d983895fa54c9e3567c9c34d7c03b23146b2409b0b8f9c1e7ff99,validation,Fixed LR 0.001; no warmup/schedule/EMA/dropout; validation BPB at 600/1200/1800/2400: 1.902432445/1.760482696/1.712120991/1.699237294
lr-verify-dropout010-b32-s4800,47477124058e73a234d60d75af31af1d80e12d3a89d4cb1c1f831e7ae0ee27e5,SwiGLU+RoPE+QK-Norm+dropout0.10+warmup200+cosine4800,configs/student_swiglu_rope_width192_head32_theta10000_qknorm_dropout010.json,17,,4800,32,256,39321600,3057792,CPU,4,fp32,2636.497107,8.157042,9.624154,2.112,0,1.575183740,1.599273352,04f8d2c00a70d528b2a3b31de3ad3717cca93c18df616550f69cb59645bacbfa,validation,Frozen final model; dropout0.10 on attention and FFN residual branches; validation BPB at 600/1200/1800/2400/3000/3600/4200/4800: 1.871928272/1.741004164/1.684701651/1.641407217/1.613063501/1.592530981/1.580958611/1.575183740; report test BPB 1.5992733523443317
recovered-final-dropout010-s4800,47477124058e73a234d60d75af31af1d80e12d3a89d4cb1c1f831e7ae0ee27e5,SwiGLU+RoPE+QK-Norm+dropout0.10 reproducibility replay,configs/student_swiglu_rope_width192_head32_theta10000_qknorm_dropout010.json,17,,4800,32,256,39321600,3057792,CPU,4,fp32,2573.221702,7.999847,9.115407,,0,1.575183740,1.599273352,04f8d2c00a70d528b2a3b31de3ad3717cca93c18df616550f69cb59645bacbfa,validation,Checkpoint SHA exactly matches frozen model; test re-evaluation only after freeze
confirmation-final-dropout000-s4800-b32-s17,47477124058e73a234d60d75af31af1d80e12d3a89d4cb1c1f831e7ae0ee27e5,SwiGLU+RoPE+QK-Norm+dropout0.00,configs/student_swiglu_rope_width192_head32_theta10000_qknorm.json,17,,4800,32,256,39321600,3057792,CPU,4,fp32,2179.946816,8.070536,,,0,1.656963235,,80ab00521daafd8a2f89caa048009db2e6ec8ec92839263bd54369a836bf4b42,validation,Matched 4800-step dropout comparison under final code and schedule; validation every 600 steps
confirmation-final-dropout005-s4800-b32-s17,47477124058e73a234d60d75af31af1d80e12d3a89d4cb1c1f831e7ae0ee27e5,SwiGLU+RoPE+QK-Norm+dropout0.05,configs/student_swiglu_rope_width192_head32_theta10000_qknorm_dropout005.json,17,,4800,32,256,39321600,3057792,CPU,4,fp32,2659.066587,8.002541,,,0,1.609508471,,796002c41da3f85468279fbbd4f4bd60e02fd428023a5ef08adfb7f25e60af43,validation,Matched 4800-step dropout comparison under final code and schedule; validation every 600 steps
confirmation-depth4-width192-b16-s2400-s17,47477124058e73a234d60d75af31af1d80e12d3a89d4cb1c1f831e7ae0ee27e5,SwiGLU+RoPE+QK-Norm width192 depth4 head_dim32,configs/student_swiglu_rope_width192_depth4_head32_theta10000_qknorm.json,17,,2400,16,256,9830400,2169728,CPU,4,fp32,405.673023,5.951282,,,0,1.713821281,,15d352baec399e5374127912ac809a76263f3266d0d8e731578d2e6b16c8ab03,validation,Depth sweep at theta10000 with matched targets and all other settings fixed
confirmation-depth6-width192-b16-s2400-s17,47477124058e73a234d60d75af31af1d80e12d3a89d4cb1c1f831e7ae0ee27e5,SwiGLU+RoPE+QK-Norm width192 depth6 head_dim32,configs/student_swiglu_rope_width192_depth6_head32_theta10000_qknorm.json,17,,2400,16,256,9830400,3057792,CPU,4,fp32,603.111808,8.038994,,,0,1.691198763,,33a52c25723c84f156ca9f96b97ea335727b4d26026c98a9284f983d3aaf3533,validation,Depth sweep at theta10000 with matched targets and all other settings fixed
confirmation-depth8-width192-b16-s2400-s17,47477124058e73a234d60d75af31af1d80e12d3a89d4cb1c1f831e7ae0ee27e5,SwiGLU+RoPE+QK-Norm width192 depth8 head_dim32,configs/student_swiglu_rope_width192_depth8_head32_theta10000_qknorm.json,17,,2400,16,256,9830400,3945856,CPU,4,fp32,823.441330,10.379908,,,0,1.686050147,,6efab0a372e438d4e3efff033868cac6d685d66e4780573dbae35cb2f4ac3da3,validation,Depth sweep at theta10000 with matched targets and all other settings fixed
confirmation-ffn-gelu-b16-s2400-s17,6cce142a31d396f017319543f50d70f30fa6da740729af01c8baed13c6f671f9,GELU MLP matched FFN control,configs/baseline.json,17,,2400,16,256,9830400,1088256,CPU,4,fp32,289.940761,4.465020,,,0,1.991848193,,ccd895787b0a4d201cc916d4e5396e16da14fb509808a73ee3d15b02e2a63f01,validation,Matched SwiGLU control with same seed targets optimizer and learning-rate schedule
confirmation-ffn-swiglu-b16-s2400-s17,47477124058e73a234d60d75af31af1d80e12d3a89d4cb1c1f831e7ae0ee27e5,SwiGLU FFN matched GELU control,configs/student_swiglu.json,17,,2400,16,256,9830400,1089792,CPU,4,fp32,267.188394,4.090605,,,0,1.928803098,,2eef8fcb75f8fbaac219cb8881ce65e41075fc827ae6b3184f20518b8e477c54,validation,Matched GELU control with near-equal parameter count and same training settings
cumulative-00-baseline-s1200-b32-s17,6cce142a31d396f017319543f50d70f30fa6da740729af01c8baed13c6f671f9,Baseline cumulative stage 0,configs/baseline.json,17,,1200,32,256,9830400,1088256,CPU,4,fp32,262.637045,4.384583,,,0,2.084164005,,6290bc05947b0831620858bd26474ec3615af42518de73869aba92c629268fd7,validation,Re-run under shared cumulative schedule; warmup200 cosine beta2=0.999
cumulative-A-swiglu-s1200-b32-s17,47477124058e73a234d60d75af31af1d80e12d3a89d4cb1c1f831e7ae0ee27e5,SwiGLU cumulative stage A,configs/student_swiglu.json,17,,1200,32,256,9830400,1089792,CPU,4,fp32,233.369258,3.973273,,,0,2.023753373,,9c83203becd463fb45bdd88ed58d4dab27d138085bd62d222b6206dbf18be6a4,validation,Only FFN changed from baseline; shared cumulative schedule
cumulative-B-rope-theta10000-s1200-b32-s17,47477124058e73a234d60d75af31af1d80e12d3a89d4cb1c1f831e7ae0ee27e5,SwiGLU+RoPE cumulative stage B,configs/student_swiglu_rope.json,17,,1200,32,256,9830400,1057024,CPU,4,fp32,257.261369,4.382787,,,0,1.843394473,,63040e28db3d2b5c47134f2b31dad9223c50348c8df4cbc7949407956913d5b5,validation,Only position encoding changed from stage A; theta10000
cumulative-C-qknorm-s1200-b32-s17,47477124058e73a234d60d75af31af1d80e12d3a89d4cb1c1f831e7ae0ee27e5,SwiGLU+RoPE+QK-Norm cumulative stage C,configs/student_swiglu_rope_qknorm.json,17,,1200,32,256,9830400,1057536,CPU,4,fp32,265.008948,4.461122,,,0,1.832244753,,189fbbc0afa00562c63ba51bd90578b071a6db447525a7b5a145e01b4613f437,validation,Only qk_norm enabled from stage B; theta10000
cumulative-D-width192-depth4-s1200-b32-s17,47477124058e73a234d60d75af31af1d80e12d3a89d4cb1c1f831e7ae0ee27e5,SwiGLU+RoPE+QK-Norm width192 cumulative stage D,configs/student_swiglu_rope_width192_depth4_head32_theta10000_qknorm.json,17,,1200,32,256,9830400,2169728,CPU,4,fp32,362.536464,6.015876,,,0,1.750967318,,4437f4bc22d4b75ef87bcb03ba3429c5f6ddb9b381a87043137969d18f6788e4,validation,Capacity expansion width192 heads6 ffn_hidden512; head_dim32
cumulative-E-depth6-s1200-b32-s17,47477124058e73a234d60d75af31af1d80e12d3a89d4cb1c1f831e7ae0ee27e5,SwiGLU+RoPE+QK-Norm width192 depth6 cumulative stage E,configs/student_swiglu_rope_width192_depth6_head32_theta10000_qknorm.json,17,,1200,32,256,9830400,3057792,CPU,4,fp32,567.424676,8.164552,,,0,1.727190337,,c3c39b644a55bf7261bb3b5d9b6e5050dda92ff9893a6e7cc1daaa72e6d2eb0d,validation,Only depth changed from stage D; dropout0
ablation-final-full-s4800-b32-s17,4ff8957257b844f81a5803d7e6aadc9d4e313b926d423f39e7ce3ae21ce95e99,Final ablation full-model control,configs/ablation_final_full.json,17,,4800,32,256,39321600,3057792,CPU,4,fp32,2548.196276,8.023853,,,0,1.575183740,,ffec8f1e078e79a2937514eee11971b21ed89aaf0dbafa7fa1dba6cf22661f9d,validation,Student ablation entry point; reproduces frozen validation BPB
ablation-final-without-swiglu-s4800-b32-s17,4ff8957257b844f81a5803d7e6aadc9d4e313b926d423f39e7ce3ae21ce95e99,Final ablation GELU MLP for SwiGLU,configs/ablation_final_without_swiglu.json,17,,4800,32,256,39321600,3063552,CPU,4,fp32,2774.948814,15.544490,,,0,1.626227126,,b518000087805053c407b8ff68b8de1983cd077e75822f2bf4007d5ec7992294,validation,Only FFN activation and parameterization changed; near-matched parameter count
ablation-final-without-rope-s4800-b32-s17,4ff8957257b844f81a5803d7e6aadc9d4e313b926d423f39e7ce3ae21ce95e99,Final ablation learned positions for RoPE,configs/ablation_final_without_rope.json,17,,4800,32,256,39321600,3106944,CPU,4,fp32,2628.062968,7.470248,,,0,1.631163804,,3353b71efbae0bea2b92b7e620cdfcc20dccd6a34fbd814364bb38f63209f21f,validation,Only positional encoding changed; learned position table adds parameters
ablation-final-without-qk-norm-s4800-b32-s17,4ff8957257b844f81a5803d7e6aadc9d4e313b926d423f39e7ce3ae21ce95e99,Final ablation QK-Norm off,configs/ablation_final_without_qk_norm.json,17,,4800,32,256,39321600,3057024,CPU,4,fp32,2500.298389,7.854801,,,0,1.611494469,,112c67740548ccbca06ea542ffc239e6110ac711f93b6afa8b6a1cf30bbbbcbf,validation,Only qk_norm disabled
ablation-final-without-dropout-s4800-b32-s17,4ff8957257b844f81a5803d7e6aadc9d4e313b926d423f39e7ce3ae21ce95e99,Final ablation dropout0,configs/ablation_final_without_dropout.json,17,,4800,32,256,39321600,3057792,CPU,4,fp32,2099.775185,8.033046,,,0,1.656963235,,d8fc138c130ce11760d5851c3042b24e86617bb2c543b020217733bca69da8b6,validation,Only resid_dropout changed to zero
